Milano,Italia,45.4642,9.1900
New York,New York,40.7128,74.006
Varese,Italia,45.8206,8.8251
Misano,Italia,43.9608,12.6603
Roma,Italia,41.9027835,12.4963655
Napoli,Italia,40.8517746,14.2681244
